year,avg_authors,max_authors,pct_1author,pct_2author,pct_3author,pct_4author,pct_5plus,num_papers,num_unique_authors,citation_pct_1author,journal
2020,2.66,5,24.0,34.0,12.0,12.0,18.0,50,5,25.646646207803595,A&A
2020,2.4464285714285716,5,30.357142857142858,28.571428571428573,17.857142857142858,12.5,10.714285714285714,56,5,32.75925247343349,ApJ
2020,2.7142857142857144,5,28.571428571428573,21.428571428571427,15.714285714285714,18.571428571428573,15.714285714285714,70,5,34.354838709677416,MNRAS
2021,2.5454545454545454,5,23.376623376623378,36.36363636363637,14.285714285714286,14.285714285714286,11.688311688311689,77,5,22.542153047989625,A&A
2021,2.7733333333333334,5,22.666666666666668,29.333333333333332,12.0,20.0,16.0,75,5,23.38646459367651,ApJ
2021,2.328358208955224,5,35.82089552238806,28.35820895522388,13.432835820895523,11.940298507462687,10.447761194029852,67,5,31.922544951590595,MNRAS
2022,2.490566037735849,5,28.30188679245283,30.18867924528302,16.9811320754717,13.20754716981132,11.320754716981131,53,5,24.594492644285175,A&A
2022,2.661764705882353,5,26.470588235294116,27.941176470588236,14.705882352941176,14.705882352941176,16.176470588235293,68,5,27.454593314030006,ApJ
2022,2.2435897435897436,5,38.46153846153846,30.76923076923077,8.974358974358974,11.538461538461538,10.256410256410257,78,5,38.97004208962615,MNRAS
